code,basis,p,distance,rounds,shots,failures,logical_error_rate,num_qubits,num_detectors,num_observables,num_measurements
toric,Z,0.008,5,5,10000,487,0.0487,100,225,1,300
toric,Z,0.008,7,7,10000,496,0.0496,196,637,1,784
toric,Z,0.008,11,11,10000,452,0.0452,484,2541,1,2904
toric,Z,0.008,15,15,10000,482,0.0482,900,6525,1,7200
toric,Z,0.008,17,17,10000,483,0.0483,1156,9537,1,10404
toric,Z,0.008,21,21,10000,538,0.0538,1764,18081,1,19404
toric,Z,0.01,5,5,10000,1032,0.1032,100,225,1,300
toric,Z,0.01,7,7,10000,1186,0.1186,196,637,1,784
toric,Z,0.01,11,11,10000,1778,0.1778,484,2541,1,2904
toric,Z,0.01,15,15,10000,2450,0.245,900,6525,1,7200
toric,Z,0.01,17,17,10000,2806,0.2806,1156,9537,1,10404
toric,Z,0.01,21,21,10000,3523,0.3523,1764,18081,1,19404
toric,Z,0.03,5,5,10000,4903,0.4903,100,225,1,300
toric,Z,0.03,7,7,10000,5076,0.5076,196,637,1,784
toric,Z,0.03,11,11,10000,4932,0.4932,484,2541,1,2904
toric,Z,0.03,15,15,10000,5059,0.5059,900,6525,1,7200
toric,Z,0.03,17,17,10000,5034,0.5034,1156,9537,1,10404
toric,Z,0.03,21,21,10000,4892,0.4892,1764,18081,1,19404
toric,Z,0.05,5,5,10000,4951,0.4951,100,225,1,300
toric,Z,0.05,7,7,10000,5034,0.5034,196,637,1,784
toric,Z,0.05,11,11,10000,5004,0.5004,484,2541,1,2904
toric,Z,0.05,15,15,10000,5016,0.5016,900,6525,1,7200
toric,Z,0.05,17,17,10000,5016,0.5016,1156,9537,1,10404
toric,Z,0.05,21,21,10000,4954,0.4954,1764,18081,1,19404
toric,Z,0.07,5,5,10000,4946,0.4946,100,225,1,300
toric,Z,0.07,7,7,10000,5036,0.5036,196,637,1,784
toric,Z,0.07,11,11,10000,5098,0.5098,484,2541,1,2904
toric,Z,0.07,15,15,10000,4976,0.4976,900,6525,1,7200
toric,Z,0.07,17,17,10000,5084,0.5084,1156,9537,1,10404
toric,Z,0.07,21,21,10000,5085,0.5085,1764,18081,1,19404
toric,Z,0.1,5,5,10000,5011,0.5011,100,225,1,300
toric,Z,0.1,7,7,10000,4985,0.4985,196,637,1,784
toric,Z,0.1,11,11,10000,4966,0.4966,484,2541,1,2904
toric,Z,0.1,15,15,10000,5040,0.504,900,6525,1,7200
toric,Z,0.1,17,17,10000,4961,0.4961,1156,9537,1,10404
toric,Z,0.1,21,21,10000,4977,0.4977,1764,18081,1,19404
toric,X,0.008,5,5,10000,475,0.0475,100,225,1,300
toric,X,0.008,7,7,10000,486,0.0486,196,637,1,784
toric,X,0.008,11,11,10000,480,0.048,484,2541,1,2904
toric,X,0.008,15,15,10000,477,0.0477,900,6525,1,7200
toric,X,0.008,17,17,10000,515,0.0515,1156,9537,1,10404
toric,X,0.008,21,21,10000,543,0.0543,1764,18081,1,19404
toric,X,0.01,5,5,10000,983,0.0983,100,225,1,300
toric,X,0.01,7,7,10000,1186,0.1186,196,637,1,784
toric,X,0.01,11,11,10000,1754,0.1754,484,2541,1,2904
toric,X,0.01,15,15,10000,2370,0.237,900,6525,1,7200
toric,X,0.01,17,17,10000,2755,0.2755,1156,9537,1,10404
toric,X,0.01,21,21,10000,3583,0.3583,1764,18081,1,19404
toric,X,0.03,5,5,10000,4860,0.486,100,225,1,300
toric,X,0.03,7,7,10000,5072,0.5072,196,637,1,784
toric,X,0.03,11,11,10000,5016,0.5016,484,2541,1,2904
toric,X,0.03,15,15,10000,4991,0.4991,900,6525,1,7200
toric,X,0.03,17,17,10000,4928,0.4928,1156,9537,1,10404
toric,X,0.03,21,21,10000,4996,0.4996,1764,18081,1,19404
toric,X,0.05,5,5,10000,5035,0.5035,100,225,1,300
toric,X,0.05,7,7,10000,4978,0.4978,196,637,1,784
toric,X,0.05,11,11,10000,5005,0.5005,484,2541,1,2904
toric,X,0.05,15,15,10000,4982,0.4982,900,6525,1,7200
toric,X,0.05,17,17,10000,4995,0.4995,1156,9537,1,10404
toric,X,0.05,21,21,10000,5037,0.5037,1764,18081,1,19404
toric,X,0.07,5,5,10000,5013,0.5013,100,225,1,300
toric,X,0.07,7,7,10000,4936,0.4936,196,637,1,784
toric,X,0.07,11,11,10000,4970,0.497,484,2541,1,2904
toric,X,0.07,15,15,10000,4981,0.4981,900,6525,1,7200
toric,X,0.07,17,17,10000,4944,0.4944,1156,9537,1,10404
toric,X,0.07,21,21,10000,4957,0.4957,1764,18081,1,19404
toric,X,0.1,5,5,10000,5009,0.5009,100,225,1,300
toric,X,0.1,7,7,10000,4938,0.4938,196,637,1,784
toric,X,0.1,11,11,10000,4959,0.4959,484,2541,1,2904
toric,X,0.1,15,15,10000,5050,0.505,900,6525,1,7200
toric,X,0.1,17,17,10000,4972,0.4972,1156,9537,1,10404
toric,X,0.1,21,21,10000,4983,0.4983,1764,18081,1,19404
surface,Z,0.008,5,5,10000,1,0.0001,64,120,1,145
surface,Z,0.008,7,7,10000,0,0.0,118,336,1,385
surface,Z,0.008,11,11,10000,0,0.0,274,1320,1,1441
surface,Z,0.008,15,15,10000,0,0.0,494,3360,1,3585
surface,Z,0.008,17,17,10000,0,0.0,628,4896,1,5185
surface,Z,0.008,21,21,10000,0,0.0,944,9240,1,9681
surface,Z,0.01,5,5,10000,3,0.0003,64,120,1,145
surface,Z,0.01,7,7,10000,2,0.0002,118,336,1,385
surface,Z,0.01,11,11,10000,0,0.0,274,1320,1,1441
surface,Z,0.01,15,15,10000,0,0.0,494,3360,1,3585
surface,Z,0.01,17,17,10000,0,0.0,628,4896,1,5185
surface,Z,0.01,21,21,10000,0,0.0,944,9240,1,9681
surface,Z,0.03,5,5,10000,86,0.0086,64,120,1,145
surface,Z,0.03,7,7,10000,44,0.0044,118,336,1,385
surface,Z,0.03,11,11,10000,3,0.0003,274,1320,1,1441
surface,Z,0.03,15,15,10000,0,0.0,494,3360,1,3585
surface,Z,0.03,17,17,10000,0,0.0,628,4896,1,5185
surface,Z,0.03,21,21,10000,0,0.0,944,9240,1,9681
surface,Z,0.05,5,5,10000,389,0.0389,64,120,1,145
surface,Z,0.05,7,7,10000,259,0.0259,118,336,1,385
surface,Z,0.05,11,11,10000,93,0.0093,274,1320,1,1441
surface,Z,0.05,15,15,10000,26,0.0026,494,3360,1,3585
surface,Z,0.05,17,17,10000,12,0.0012,628,4896,1,5185
surface,Z,0.05,21,21,10000,3,0.0003,944,9240,1,9681
surface,Z,0.07,5,5,10000,969,0.0969,64,120,1,145
surface,Z,0.07,7,7,10000,891,0.0891,118,336,1,385
surface,Z,0.07,11,11,10000,511,0.0511,274,1320,1,1441
surface,Z,0.07,15,15,10000,233,0.0233,494,3360,1,3585
surface,Z,0.07,17,17,10000,198,0.0198,628,4896,1,5185
surface,Z,0.07,21,21,10000,82,0.0082,944,9240,1,9681
surface,Z,0.1,5,5,10000,2151,0.2151,64,120,1,145
surface,Z,0.1,7,7,10000,2218,0.2218,118,336,1,385
surface,Z,0.1,11,11,10000,2351,0.2351,274,1320,1,1441
surface,Z,0.1,15,15,10000,2090,0.209,494,3360,1,3585
surface,Z,0.1,17,17,10000,1964,0.1964,628,4896,1,5185
surface,Z,0.1,21,21,10000,1650,0.165,944,9240,1,9681
surface,X,0.008,5,5,10000,3,0.0003,64,120,1,145
surface,X,0.008,7,7,10000,1,0.0001,118,336,1,385
surface,X,0.008,11,11,10000,0,0.0,274,1320,1,1441
surface,X,0.008,15,15,10000,0,0.0,494,3360,1,3585
surface,X,0.008,17,17,10000,0,0.0,628,4896,1,5185
surface,X,0.008,21,21,10000,0,0.0,944,9240,1,9681
surface,X,0.01,5,5,10000,7,0.0007,64,120,1,145
surface,X,0.01,7,7,10000,1,0.0001,118,336,1,385
surface,X,0.01,11,11,10000,0,0.0,274,1320,1,1441
surface,X,0.01,15,15,10000,0,0.0,494,3360,1,3585
surface,X,0.01,17,17,10000,0,0.0,628,4896,1,5185
surface,X,0.01,21,21,10000,0,0.0,944,9240,1,9681
surface,X,0.03,5,5,10000,98,0.0098,64,120,1,145
surface,X,0.03,7,7,10000,38,0.0038,118,336,1,385
surface,X,0.03,11,11,10000,7,0.0007,274,1320,1,1441
surface,X,0.03,15,15,10000,3,0.0003,494,3360,1,3585
surface,X,0.03,17,17,10000,0,0.0,628,4896,1,5185
surface,X,0.03,21,21,10000,0,0.0,944,9240,1,9681
surface,X,0.05,5,5,10000,375,0.0375,64,120,1,145
surface,X,0.05,7,7,10000,303,0.0303,118,336,1,385
surface,X,0.05,11,11,10000,98,0.0098,274,1320,1,1441
surface,X,0.05,15,15,10000,28,0.0028,494,3360,1,3585
surface,X,0.05,17,17,10000,16,0.0016,628,4896,1,5185
surface,X,0.05,21,21,10000,3,0.0003,944,9240,1,9681
surface,X,0.07,5,5,10000,946,0.0946,64,120,1,145
surface,X,0.07,7,7,10000,900,0.09,118,336,1,385
surface,X,0.07,11,11,10000,507,0.0507,274,1320,1,1441
surface,X,0.07,15,15,10000,289,0.0289,494,3360,1,3585
surface,X,0.07,17,17,10000,189,0.0189,628,4896,1,5185
surface,X,0.07,21,21,10000,105,0.0105,944,9240,1,9681
surface,X,0.1,5,5,10000,2078,0.2078,64,120,1,145
surface,X,0.1,7,7,10000,2226,0.2226,118,336,1,385
surface,X,0.1,11,11,10000,2255,0.2255,274,1320,1,1441
surface,X,0.1,15,15,10000,2074,0.2074,494,3360,1,3585
surface,X,0.1,17,17,10000,1941,0.1941,628,4896,1,5185
surface,X,0.1,21,21,10000,1620,0.162,944,9240,1,9681
